{
    "cam1": {
        "fx": 717.2104,
        "fy": 717.4816,
        "cx": 735.3566,
        "cy": 552.7982,
        "k1": -0.1389272,
        "k2": -0.001239606,
        "k3": 0.0009125824,
        "k4": -0.00004071615
    },
    "cam2": {
            "fx": 717.2104,
            "fy": 717.4816,
            "cx": 735.3566,
            "cy": 552.7982,
            "k1": -0.1389272,
            "k2": -0.001239606,
            "k3": 0.0009125824,
            "k4": -0.00004071615
    }
}